{"cameraMode":{"drawMode":0,"name":"Shaded","section":"Shading Mode"},"sceneLighting":true,"audioPlay":false,"sceneViewState":{"m_AlwaysRefresh":false,"showFog":true,"showSkybox":true,"showFlares":true,"showImageEffects":true,"showParticleSystems":true,"showVisualEffectGraphs":true,"m_FxEnabled":true},"in2DMode":false,"pivot":{"x":-1.2299995422363282,"y":-1.1626214981079102,"z":-0.42999982833862307},"rotation":{"x":-0.18127557635307313,"y":0.7805509567260742,"z":-0.2634398341178894,"w":-0.5371074080467224},"size":13.471366882324219,"orthographic":false}