{"cameraMode":{"drawMode":0,"name":"Shaded","section":"Shading Mode"},"sceneLighting":true,"audioPlay":false,"sceneViewState":{"m_AlwaysRefresh":false,"showFog":true,"showSkybox":true,"showFlares":true,"showImageEffects":true,"showParticleSystems":true,"showVisualEffectGraphs":true,"m_FxEnabled":true},"in2DMode":false,"pivot":{"x":-21.079906463623048,"y":49.842281341552737,"z":-4.189600944519043},"rotation":{"x":-0.15262442827224732,"y":0.7992826104164124,"z":-0.5345855951309204,"w":-0.22819547355175019},"size":2.7852675914764406,"orthographic":false}